Setting,Model,Best_Model,p_value,Diff_Mean
Hazard-Neutral,DecisionTree,XGBoost,8.344650268554688e-07,0.10254073770869371
Hazard-Neutral,RandomForest,XGBoost,0.507703959941864,0.011012080430711446
Hazard-Neutral,LogisticRegression,XGBoost,2.664327621459961e-05,0.07556344024914396
Hazard-Neutral,RidgeClassifier,XGBoost,0.0009118914604187012,0.05086799396305297
Hazard-Neutral,LinearSVC,XGBoost,0.0041751861572265625,0.054882093254563724
Hazard-Inclusive,DecisionTree,RandomForest,0.0009118914604187012,0.06410852716371129
Hazard-Inclusive,LogisticRegression,RandomForest,0.0027848482131958008,0.05186202536967799
Hazard-Inclusive,RidgeClassifier,RandomForest,0.011453330516815186,0.0283217787225698
Hazard-Inclusive,LinearSVC,RandomForest,0.14847958087921143,0.02761869017444507
Hazard-Inclusive,XGBoost,RandomForest,0.4741646647453308,0.010641107839272856
