Setting,Model,Best_Model,p_value,Diff_Mean
Hazard-Neutral,DecisionTree,RandomForest,0.0007149577140808105,0.06993573770462647
Hazard-Neutral,LogisticRegression,RandomForest,1.7881393432617188e-07,0.09266402087500714
Hazard-Neutral,RidgeClassifier,RandomForest,2.562999725341797e-06,0.08402820550289236
Hazard-Neutral,LinearSVC,RandomForest,5.245208740234375e-06,0.079508781484118
Hazard-Neutral,XGBoost,RandomForest,0.8948604464530945,0.006567834584617627
Hazard-Inclusive,DecisionTree,RandomForest,0.00021690130233764648,0.061195019822418595
Hazard-Inclusive,LogisticRegression,RandomForest,0.0041751861572265625,0.06295338707971732
Hazard-Inclusive,RidgeClassifier,RandomForest,0.018744707107543945,0.03491711112082363
Hazard-Inclusive,LinearSVC,RandomForest,0.0010271072387695312,0.062058743098507896
Hazard-Inclusive,XGBoost,RandomForest,0.3457539786772782,0.012224747952006343
