Setting,Model,Best_Model,p_value,Diff_Mean
Hazard-Neutral,DecisionTree,RandomForest,1.8298625946044922e-05,0.08001912856490462
Hazard-Neutral,LogisticRegression,RandomForest,0.007370948791503906,0.05602473140507469
Hazard-Neutral,RidgeClassifier,RandomForest,0.004604637622833252,0.0601523713876565
Hazard-Neutral,LinearSVC,RandomForest,0.001625359058380127,0.06761109942384214
Hazard-Neutral,XGBoost,RandomForest,0.42614197731018066,0.006279710213788925
Hazard-Inclusive,DecisionTree,RandomForest,0.02550506591796875,0.042222422767495216
Hazard-Inclusive,LogisticRegression,RandomForest,0.02550506591796875,0.047464012737342576
Hazard-Inclusive,RidgeClassifier,RandomForest,0.19081425666809082,0.02118514215369094
Hazard-Inclusive,LinearSVC,RandomForest,0.2872292995452881,0.020134225314272447
Hazard-Inclusive,XGBoost,RandomForest,0.39571136236190796,0.009593391082991287
