Feature,degree_of_damage_u_importance,status_u_importance,degree_of_damage_u_rank,status_u_rank,rank_difference
distance_km,0.01974774774774773,0.0208,1,1,0
roof_substrate_type_u,0.005888288288288281,0.005333333333333332,2,5,3
parapet_height_m,0.004800000000000008,0.001600000000000008,3,12,9
roof_cover_u,0.00374054054054054,0.00533333333333334,4,4,0
parapet_slenderness,0.00373333333333334,0.0026666666666666683,5,10,5
wall_slenderness,0.0032144144144144243,-0.0005333333333333362,6,24,18
wall_thickness,0.003185585585585595,0.006933333333333324,7,3,4
buidling_height_m,0.002695495495495488,-0.004266666666666664,8,32,24
roof_shape_u,0.001607207207207216,0.003733333333333344,9,7,2
mean_fenestration,0.001073873873873872,0.004800000000000004,10,6,4
wall_length_front,0.001066666666666672,-0.002133333333333324,11,25,14
building_position_on_street,0.001052252252252264,0.002133333333333328,12,11,1
occupany_u,0.000461261261261284,-0.00053333333333332,13,21,8
foundation_type_u,-7.207207207208035e-06,-0.0005333333333333198,14,20,6
mwfrs_u_roof,-0.000533333333333332,0.0,15,19,4
overhang_length_u,-0.000540540540540528,0.002666666666666676,16,9,7
building_urban_setting,-0.000540540540540536,0.000533333333333332,17,17,0
wall_length_side,-0.00105945945945946,-0.00266666666666666,18,27,9
year_built_u,-0.0010954954954954879,0.0032000000000000084,19,8,11
construction_type_u,-0.0016072072072072,-0.002666666666666664,20,28,8
wall_cladding_u,-0.001621621621621608,-0.004266666666666656,21,30,9
roof_slope_u,-0.001621621621621612,0.0010666666666666763,22,13,9
roof_wall_ratio,-0.0021333333333333282,-0.0005333333333333238,23,22,1
retrofit_type_u,-0.0021549549549549434,-0.0037333333333333194,24,29,5
roof_system_u,-0.00266666666666666,0.0,25,18,7
archetype,-0.0026738738738738598,0.0005333333333333401,26,15,11
retrofit_present_u,-0.0026738738738738637,-0.00426666666666666,27,31,4
building_area_m2,-0.0032144144144144,-0.00693333333333332,29,33,4
number_stories,-0.0032216216216216036,-0.002666666666666656,30,26,4
plan_aspect_ratio,-0.003762162162162148,-0.0005333333333333279,31,23,8
mwfrs_u_wall,-0.003769369369369352,-0.0069333333333333235,32,34,2
structural_wall_system_u,-0.004814414414414404,0.000533333333333336,33,16,17
wall_substrate_u,-0.005888288288288259,-0.010133333333333317,34,35,1
aspect_ratio,-0.0069549549549549365,0.006933333333333331,35,2,33
