Feature,degree_of_damage_u_importance,status_u_importance,degree_of_damage_u_rank,status_u_rank,rank_difference
distance_km,0.01974774774774773,0.017066666666666654,1,1,0
roof_substrate_type_u,0.005888288288288281,0.015999999999999993,2,2,0
parapet_height_m,0.004800000000000008,0.010666666666666656,3,3,0
roof_cover_u,0.00374054054054054,0.00213333333333334,4,17,13
parapet_slenderness,0.00373333333333334,0.002666666666666664,5,14,9
wall_slenderness,0.0032144144144144243,0.006399999999999996,6,4,2
wall_thickness,0.003185585585585595,0.0048,7,7,0
buidling_height_m,0.002695495495495488,0.002133333333333336,8,18,10
roof_shape_u,0.001607207207207216,-8.187894806610529e-18,9,28,19
mean_fenestration,0.001073873873873872,0.0031999999999999963,10,11,1
wall_length_front,0.001066666666666672,0.0016,11,21,10
building_position_on_street,0.001052252252252264,0.004266666666666664,12,8,4
occupany_u,0.000461261261261284,0.0021333333333333282,13,19,6
foundation_type_u,-7.207207207208035e-06,0.005333333333333328,14,6,8
mwfrs_u_roof,-0.000533333333333332,0.0,15,26,11
overhang_length_u,-0.000540540540540528,0.003200000000000008,16,10,6
building_urban_setting,-0.000540540540540536,0.001599999999999992,17,23,6
wall_length_side,-0.00105945945945946,0.0016,18,22,4
year_built_u,-0.0010954954954954879,0.006399999999999992,19,5,14
construction_type_u,-0.0016072072072072,0.0,20,25,5
wall_cladding_u,-0.001621621621621608,-0.003733333333333324,21,34,13
roof_slope_u,-0.001621621621621612,-0.002666666666666672,22,33,11
roof_wall_ratio,-0.0021333333333333282,0.002133333333333328,23,20,3
retrofit_type_u,-0.0021549549549549434,-0.0005333333333333279,24,29,5
roof_system_u,-0.00266666666666666,-4.024558464266192e-18,25,27,2
archetype,-0.0026738738738738598,0.00266666666666666,26,16,10
retrofit_present_u,-0.0026738738738738637,-0.001066666666666664,27,30,3
building_area_m2,-0.0032144144144144,-0.0015999999999999999,29,32,3
number_stories,-0.0032216216216216036,0.002666666666666664,30,15,15
plan_aspect_ratio,-0.003762162162162148,0.002666666666666668,31,13,18
mwfrs_u_wall,-0.003769369369369352,-0.001599999999999996,32,31,1
structural_wall_system_u,-0.004814414414414404,0.000533333333333332,33,24,9
wall_substrate_u,-0.005888288288288259,-0.004266666666666656,34,35,1
aspect_ratio,-0.0069549549549549365,0.003199999999999988,35,12,23
